model,epoch,average_loss,accuracy,correct_data,total_data
0,71,7.208279079861111,3.011111111111111,271,9000
0,71,4.6196814236111114,9.577777777777778,862,9000
1,71,6.979633680555556,3.5888888888888886,323,9000
1,71,3.989107204861111,9.355555555555556,842,9000
2,71,7.088484375,4.944444444444445,445,9000
2,71,3.312193576388889,28.988888888888887,2609,9000
3,71,6.941687065972222,4.077777777777778,367,9000
3,71,3.8414444444444444,24.57777777777778,2212,9000
4,71,7.143193576388889,3.3111111111111113,298,9000
4,71,5.001733506944444,4.555555555555555,410,9000
5,71,7.294611111111111,3.3888888888888893,305,9000
5,71,5.264405381944444,11.044444444444444,994,9000
6,71,7.005167534722222,3.9555555555555553,356,9000
6,71,4.370555121527778,12.933333333333334,1164,9000
7,71,7.089170138888889,3.6666666666666665,330,9000
7,71,3.7064991319444442,15.944444444444445,1435,9000
8,71,6.758209201388889,4.877777777777778,439,9000
8,71,2.64495703125,30.555555555555557,2750,9000
9,71,6.674402777777778,4.822222222222222,434,9000
9,71,2.8447862413194445,44.9,4041,9000
10,71,6.870593315972222,5.3,477,9000
10,71,4.056411458333334,29.07777777777778,2617,9000
11,71,6.935861545138889,4.2,378,9000
11,71,3.2070416666666666,18.866666666666667,1698,9000
12,71,6.952093315972222,4.666666666666667,420,9000
12,71,3.7349544270833333,17.87777777777778,1609,9000
13,71,7.344883680555555,4.311111111111112,388,9000
13,71,4.415914496527778,23.133333333333333,2082,9000
14,71,7.205410590277777,3.733333333333334,336,9000
14,71,5.045473524305556,14.18888888888889,1277,9000
15,71,7.068178385416667,4.5,405,9000
15,71,3.8276775173611113,17.68888888888889,1592,9000
16,71,7.065464409722222,4.4111111111111105,397,9000
16,71,4.376195746527777,15.733333333333333,1416,9000
17,71,7.361698784722222,4.488888888888889,404,9000
17,71,6.0510481770833335,24.41111111111111,2197,9000
18,71,6.856611545138889,4.2444444444444445,382,9000
18,71,3.0701569010416665,24.96666666666667,2247,9000
19,71,6.974056857638889,4.2,378,9000
19,71,3.7491328125,17.477777777777778,1573,9000
global,71,7.817598958333333,3.3222222222222224,299,9000
0,72,7.2662708333333335,2.933333333333333,264,9000
0,72,4.7747964409722226,3.2333333333333334,291,9000
1,72,7.318740451388889,3.355555555555555,302,9000
1,72,5.380052083333333,3.155555555555556,284,9000
2,72,7.041277777777778,4.7555555555555555,428,9000
2,72,2.8356514756944446,25.711111111111112,2314,9000
3,72,6.957617621527778,4.044444444444444,364,9000
3,72,3.785532552083333,9.533333333333333,858,9000
4,72,7.205263888888889,3.111111111111111,280,9000
4,72,5.144988715277778,1.9444444444444444,175,9000
5,72,7.375651041666667,3.2444444444444445,292,9000
5,72,5.747432725694445,4.033333333333333,363,9000
6,72,6.979737413194444,3.922222222222222,353,9000
6,72,4.326848090277778,8.811111111111112,793,9000
7,72,7.231662326388889,3.5777777777777775,322,9000
7,72,4.654108940972222,7.0777777777777775,637,9000
8,72,7.175428385416667,4.811111111111111,433,9000
8,72,4.4252899305555555,19.88888888888889,1790,9000
9,72,6.735959201388889,4.7555555555555555,428,9000
9,72,2.9455523003472224,34.06666666666667,3066,9000
10,72,6.930952690972222,5.044444444444444,454,9000
10,72,3.7420724826388887,13.211111111111112,1189,9000
11,72,7.084125,4.0888888888888895,368,9000
11,72,4.2987178819444445,15.466666666666667,1392,9000
12,72,7.042703559027777,4.544444444444444,409,9000
12,72,3.968047309027778,10.644444444444444,958,9000
13,72,7.473529513888889,4.188888888888889,377,9000
13,72,5.8197161458333335,12.88888888888889,1160,9000
14,72,6.906124131944445,3.6999999999999997,333,9000
14,72,3.8209114583333332,9.644444444444444,868,9000
15,72,7.415621527777778,4.488888888888889,404,9000
15,72,5.451293836805555,12.733333333333333,1146,9000
16,72,7.2471189236111115,4.522222222222222,407,9000
16,72,5.0258346354166665,13.78888888888889,1241,9000
17,72,7.271041666666667,4.466666666666667,402,9000
17,72,4.814908854166666,18.0,1620,9000
18,72,7.059892361111111,4.066666666666666,366,9000
18,72,4.322709201388889,10.266666666666667,924,9000
19,72,7.23997265625,4.144444444444444,373,9000
19,72,4.763173177083333,10.088888888888889,908,9000
global,72,7.915207465277778,3.355555555555555,302,9000
0,73,7.285199652777778,3.0444444444444443,274,9000
0,73,4.704338541666667,3.355555555555555,302,9000
1,73,7.329987847222222,3.3777777777777773,304,9000
1,73,5.275717881944445,2.9000000000000004,261,9000
2,73,7.070239583333334,4.833333333333333,435,9000
2,73,2.912175564236111,39.06666666666666,3516,9000
3,73,7.060130208333334,3.8777777777777778,349,9000
3,73,4.457275173611111,13.28888888888889,1196,9000
4,73,7.339744791666667,3.2444444444444445,292,9000
4,73,5.479467447916667,1.6777777777777776,151,9000
5,73,7.14146484375,3.3000000000000003,297,9000
5,73,4.718477430555556,5.21111111111111,469,9000
6,73,6.73007421875,3.733333333333334,336,9000
6,73,3.582562065972222,6.5,585,9000
7,73,7.2650308159722226,3.4777777777777774,313,9000
7,73,4.661942708333333,7.766666666666666,699,9000
8,73,7.122746527777778,4.633333333333333,417,9000
8,73,4.10091796875,14.922222222222222,1343,9000
9,73,6.762153211805556,4.688888888888889,422,9000
9,73,3.1069952256944444,36.81111111111111,3313,9000
10,73,6.9100707465277775,5.033333333333333,453,9000
10,73,3.34975,18.266666666666666,1644,9000
11,73,7.350859375,3.944444444444444,355,9000
11,73,5.0844861111111115,7.855555555555556,707,9000
12,73,6.963074652777777,4.633333333333333,417,9000
12,73,3.542976345486111,11.222222222222221,1010,9000
13,73,7.6069921875,4.188888888888889,377,9000
13,73,6.153666666666667,11.3,1017,9000
14,73,7.160975694444445,3.722222222222222,335,9000
14,73,4.554153645833333,7.277777777777778,655,9000
15,73,7.2493671875,4.477777777777778,403,9000
15,73,4.458229600694445,13.833333333333334,1245,9000
16,73,7.033060329861111,4.333333333333334,390,9000
16,73,3.9217313368055557,12.022222222222222,1082,9000
17,73,7.1820824652777775,4.5,405,9000
17,73,4.302856770833333,18.11111111111111,1630,9000
18,73,7.226459635416667,4.222222222222222,380,9000
18,73,4.7631145833333335,11.5,1035,9000
19,73,7.1795234375,4.166666666666666,375,9000
19,73,4.660189236111111,9.2,828,9000
global,73,8.002359375,3.3666666666666663,303,9000
0,74,7.341081597222222,3.011111111111111,271,9000
0,74,4.573894097222222,4.033333333333333,363,9000
1,74,7.3603072916666665,3.4111111111111114,307,9000
1,74,5.052730902777777,3.1222222222222222,281,9000
2,74,7.275407986111111,4.633333333333333,417,9000
2,74,3.5978856336805554,30.944444444444446,2785,9000
3,74,7.2635842013888885,3.833333333333333,345,9000
3,74,4.958099392361111,11.077777777777778,997,9000
4,74,7.370969618055556,3.288888888888889,296,9000
4,74,5.372756076388889,1.8333333333333333,165,9000
5,74,7.369667534722222,3.3222222222222224,299,9000
5,74,5.584190972222222,7.177777777777777,646,9000
6,74,6.879085069444445,3.5111111111111115,316,9000
6,74,3.953170138888889,6.444444444444445,580,9000
7,74,7.676640625,3.6222222222222227,326,9000
7,74,6.158529079861111,6.455555555555556,581,9000
8,74,6.82515625,4.844444444444444,436,9000
8,74,2.7703057725694444,25.244444444444447,2272,9000
9,74,6.644953125,4.711111111111111,424,9000
9,74,2.2376575520833333,38.56666666666666,3471,9000
10,74,7.197391493055555,5.088888888888889,458,9000
10,74,4.23098046875,18.422222222222224,1658,9000
11,74,7.178141493055556,3.888888888888889,350,9000
11,74,4.22115625,11.733333333333333,1056,9000
12,74,7.084951388888889,4.588888888888889,413,9000
12,74,3.6721731770833332,11.988888888888889,1079,9000
13,74,7.3196831597222225,4.111111111111112,370,9000
13,74,4.683588107638889,9.066666666666666,816,9000
14,74,7.192328559027778,3.6666666666666665,330,9000
14,74,4.404344184027778,6.466666666666667,582,9000
15,74,7.3534453125,4.311111111111112,388,9000
15,74,4.626313802083334,12.11111111111111,1090,9000
16,74,7.201041666666667,4.377777777777777,394,9000
16,74,4.297061631944445,13.455555555555557,1211,9000
17,74,7.1185008680555555,4.377777777777777,394,9000
17,74,3.6560034722222223,15.277777777777779,1375,9000
18,74,7.325585069444444,4.122222222222223,371,9000
18,74,5.05460546875,9.977777777777778,898,9000
19,74,7.2351527777777775,4.044444444444444,364,9000
19,74,4.325777777777778,8.266666666666666,744,9000
global,74,8.045746527777778,3.4000000000000004,306,9000
0,75,7.308465277777778,3.0444444444444443,274,9000
0,75,4.267239583333334,7.6,684,9000
1,75,7.356802951388889,3.3111111111111113,298,9000
1,75,4.964108506944444,2.511111111111111,226,9000
2,75,7.0362734375,4.644444444444444,418,9000
2,75,2.520901692708333,43.333333333333336,3900,9000
3,75,7.4911397569444444,3.822222222222222,344,9000
3,75,5.4243216145833335,6.011111111111111,541,9000
4,75,7.537110243055555,3.1333333333333333,282,9000
4,75,5.830625434027778,1.3555555555555554,122,9000
5,75,7.729669270833333,3.3000000000000003,297,9000
5,75,6.675439670138889,3.5111111111111115,316,9000
6,75,7.195345052083334,3.5888888888888886,323,9000
6,75,4.4826953125,7.5,675,9000
7,75,7.406980034722222,3.6111111111111107,325,9000
7,75,4.7889522569444445,6.477777777777778,583,9000
8,75,6.840669270833334,4.855555555555555,437,9000
8,75,2.9532063802083335,31.433333333333337,2829,9000
9,75,6.746743055555555,4.688888888888889,422,9000
9,75,2.445300998263889,30.677777777777777,2761,9000
10,75,7.412861111111111,5.055555555555555,455,9000
10,75,4.9103467881944445,12.155555555555555,1094,9000
11,75,7.4068828125,3.966666666666667,357,9000
11,75,4.971473958333333,9.222222222222221,830,9000
12,75,7.099690538194444,4.5,405,9000
12,75,4.082694878472222,18.76666666666667,1689,9000
13,75,7.682574652777777,4.044444444444444,364,9000
13,75,6.0256953125,12.266666666666666,1104,9000
14,75,7.259207899305555,3.822222222222222,344,9000
14,75,4.604660590277778,9.455555555555556,851,9000
15,75,7.094479166666667,4.233333333333333,381,9000
15,75,3.481189019097222,15.6,1404,9000
16,75,7.265470486111111,4.4111111111111105,397,9000
16,75,4.518287326388889,14.6,1314,9000
17,75,7.467755208333333,4.322222222222223,389,9000
17,75,5.009049913194445,12.655555555555557,1139,9000
18,75,7.3301328125,4.233333333333333,381,9000
18,75,4.905500434027778,10.077777777777778,907,9000
19,75,7.294438368055555,3.944444444444444,355,9000
19,75,4.726044704861111,11.622222222222224,1046,9000
global,75,8.093446180555556,3.3777777777777773,304,9000
0,76,7.420459201388889,3.011111111111111,271,9000
0,76,4.645115451388889,4.288888888888889,386,9000
1,76,7.4485399305555555,3.3777777777777773,304,9000
1,76,5.2097478298611115,2.933333333333333,264,9000
2,76,7.322104166666667,4.6,414,9000
2,76,3.4569140625,34.5,3105,9000
3,76,7.332581597222222,3.711111111111111,334,9000
3,76,5.161416232638889,10.888888888888888,980,9000
4,76,7.365720486111111,3.177777777777778,286,9000
4,76,5.043501736111111,1.7777777777777777,160,9000
5,76,7.418442708333333,3.3000000000000003,297,9000
5,76,5.24887890625,5.388888888888889,485,9000
6,76,6.8540338541666666,3.4888888888888885,314,9000
6,76,3.6478077256944443,6.655555555555556,599,9000
7,76,7.340928819444445,3.5777777777777775,322,9000
7,76,4.284385416666667,7.722222222222222,695,9000
8,76,7.155779947916667,4.7555555555555555,428,9000
8,76,3.779664496527778,16.677777777777777,1501,9000
9,76,7.013770399305556,4.522222222222222,407,9000
9,76,3.2008270399305556,24.233333333333334,2181,9000
10,76,7.026180989583334,4.855555555555555,437,9000
10,76,3.6318235677083335,14.099999999999998,1269,9000
11,76,7.397588541666667,3.911111111111111,352,9000
11,76,4.754077256944444,8.766666666666667,789,9000
12,76,7.2969852430555555,4.533333333333333,408,9000
12,76,4.307191840277778,8.822222222222221,794,9000
13,76,7.685458333333333,3.9555555555555553,356,9000
13,76,6.125631076388889,12.488888888888889,1124,9000
14,76,7.353973090277778,3.722222222222222,335,9000
14,76,4.770301649305556,7.522222222222222,677,9000
15,76,7.633796875,4.233333333333333,381,9000
15,76,5.6088198784722225,10.055555555555555,905,9000
16,76,7.105187934027778,4.366666666666666,393,9000
16,76,3.8471458333333333,14.366666666666667,1293,9000
17,76,7.291752604166667,4.211111111111111,379,9000
17,76,4.281641059027778,13.355555555555556,1202,9000
18,76,7.128118923611111,4.355555555555555,392,9000
18,76,3.8801011284722224,13.900000000000002,1251,9000
19,76,7.262703993055555,4.044444444444444,364,9000
19,76,4.3113984375,8.066666666666666,726,9000
global,76,8.13465625,3.3888888888888893,305,9000
0,77,7.292888020833334,2.966666666666667,267,9000
0,77,4.092645399305556,5.333333333333334,480,9000
1,77,7.515293402777778,3.344444444444444,301,9000
1,77,5.267624131944444,2.6555555555555554,239,9000
2,77,7.3582578125,4.544444444444444,409,9000
2,77,3.5040598958333335,31.444444444444446,2830,9000
3,77,7.409295138888889,3.6777777777777776,331,9000
3,77,5.019998263888889,6.555555555555556,590,9000
4,77,7.467551215277778,3.1222222222222222,281,9000
4,77,5.371826388888889,1.411111111111111,127,9000
5,77,7.656390625,3.3777777777777773,304,9000
5,77,6.127792534722222,4.5777777777777775,412,9000
6,77,7.016851128472222,3.5666666666666664,321,9000
6,77,3.824994357638889,6.811111111111111,613,9000
7,77,7.456332465277778,3.5555555555555554,320,9000
7,77,4.651686197916667,9.133333333333333,822,9000
8,77,7.076993923611111,4.777777777777778,430,9000
8,77,3.3944205729166668,22.81111111111111,2053,9000
9,77,6.952694878472222,4.5,405,9000
9,77,2.8325210503472222,27.38888888888889,2465,9000
10,77,7.098825954861111,4.8,432,9000
10,77,3.7835590277777778,11.488888888888889,1034,9000
11,77,7.134592447916667,3.944444444444444,355,9000
11,77,3.735507378472222,10.633333333333333,957,9000
12,77,7.346907118055555,4.466666666666667,402,9000
12,77,4.448944878472222,12.18888888888889,1097,9000
13,77,7.817859375,4.033333333333333,363,9000
13,77,6.406345052083333,14.755555555555555,1328,9000
14,77,7.130880208333333,3.811111111111111,343,9000
14,77,3.995515190972222,10.144444444444446,913,9000
15,77,7.255979166666667,4.155555555555555,374,9000
15,77,3.9993268229166667,13.544444444444444,1219,9000
16,77,7.109446614583334,4.288888888888889,386,9000
16,77,3.7975477430555555,13.5,1215,9000
17,77,7.227397569444444,4.144444444444444,373,9000
17,77,3.8209900173611113,14.844444444444443,1336,9000
18,77,7.3009305555555555,4.266666666666667,384,9000
18,77,4.368006076388889,13.722222222222221,1235,9000
19,77,7.335739583333333,3.988888888888889,359,9000
19,77,4.702773003472222,12.7,1143,9000
global,77,8.16972048611111,3.4333333333333336,309,9000
0,78,7.221146267361111,3.077777777777778,277,9000
0,78,3.87530078125,9.833333333333332,885,9000
1,78,7.28665625,3.3888888888888893,305,9000
1,78,4.385210503472222,2.9000000000000004,261,9000
2,78,7.133754774305555,4.633333333333333,417,9000
2,78,2.802134114583333,48.16666666666667,4335,9000
3,78,7.488268229166667,3.7888888888888888,341,9000
3,78,5.090888020833333,6.655555555555556,599,9000
4,78,7.358152777777778,3.144444444444444,283,9000
4,78,4.901052517361111,1.5333333333333332,138,9000
5,78,7.6081111111111115,3.4000000000000004,306,9000
5,78,5.862866753472222,5.2555555555555555,473,9000
6,78,7.196765190972222,3.4444444444444446,310,9000
6,78,4.369789496527778,5.7555555555555555,518,9000
7,78,7.345694444444445,3.5777777777777775,322,9000
7,78,4.001849826388889,9.733333333333333,876,9000
8,78,7.11733203125,4.711111111111111,424,9000
8,78,3.5228526475694446,20.444444444444446,1840,9000
9,78,6.867996961805556,4.377777777777777,394,9000
9,78,2.738127387152778,35.06666666666667,3156,9000
10,78,7.391638020833334,4.611111111111111,415,9000
10,78,4.580150173611111,6.111111111111111,550,9000
11,78,7.1977899305555555,3.822222222222222,344,9000
11,78,3.8768415798611113,14.722222222222223,1325,9000
12,78,7.263750868055555,4.455555555555556,401,9000
12,78,3.9181532118055555,9.522222222222222,857,9000
13,78,7.383547743055556,4.055555555555555,365,9000
13,78,4.353538194444444,17.27777777777778,1555,9000
14,78,7.3278498263888885,3.811111111111111,343,9000
14,78,4.594990451388889,10.166666666666666,915,9000
15,78,7.5183203125,4.111111111111112,370,9000
15,78,4.841560329861111,10.344444444444445,931,9000
16,78,7.425912326388889,4.333333333333334,390,9000
16,78,4.607926215277778,12.311111111111112,1108,9000
17,78,7.2488515625,4.211111111111111,379,9000
17,78,3.867638888888889,15.07777777777778,1357,9000
18,78,7.1119431423611115,4.388888888888888,395,9000
18,78,3.714150607638889,16.733333333333334,1506,9000
19,78,7.292994791666667,3.9,351,9000
19,78,4.169972222222222,7.833333333333334,705,9000
global,78,8.184855902777779,3.3666666666666663,303,9000
0,79,7.3893125,3.088888888888889,278,9000
0,79,4.3794140625,5.133333333333334,462,9000
1,79,7.241234809027778,3.4111111111111114,307,9000
1,79,4.161782552083333,4.455555555555556,401,9000
2,79,7.466198784722223,4.622222222222222,416,9000
2,79,3.338896918402778,30.4,2736,9000
3,79,7.370364583333333,3.6555555555555554,329,9000
3,79,4.7955677083333335,14.766666666666667,1329,9000
4,79,7.221802083333333,3.1333333333333333,282,9000
4,79,4.4135030381944444,2.988888888888889,269,9000
5,79,7.4912717013888885,3.355555555555555,302,9000
5,79,5.242497395833333,5.2555555555555555,473,9000
6,79,7.330374131944445,3.4222222222222225,308,9000
6,79,4.687647569444445,5.855555555555555,527,9000
7,79,7.292849826388889,3.5888888888888886,323,9000
7,79,3.6856714409722224,11.066666666666666,996,9000
8,79,7.224309895833334,4.811111111111111,433,9000
8,79,3.985926215277778,20.355555555555554,1832,9000
9,79,6.768849826388889,4.311111111111112,388,9000
9,79,2.5143292100694445,41.855555555555554,3767,9000
10,79,7.4091909722222224,4.655555555555556,419,9000
10,79,4.880365017361111,6.51111111111111,586,9000
11,79,7.307592881944444,3.933333333333333,354,9000
11,79,4.2870859375,10.122222222222224,911,9000
12,79,7.073234375,4.5,405,9000
12,79,3.3315243055555555,15.388888888888888,1385,9000
13,79,7.500623263888889,3.944444444444444,355,9000
13,79,4.712981770833333,12.88888888888889,1160,9000
14,79,7.6404982638888885,3.833333333333333,345,9000
14,79,5.735342447916667,9.377777777777778,844,9000
15,79,7.3941840277777775,4.188888888888889,377,9000
15,79,4.2665546875,12.866666666666667,1158,9000
16,79,7.4343342013888885,4.288888888888889,386,9000
16,79,4.521571614583333,12.333333333333334,1110,9000
17,79,7.217771267361111,4.2555555555555555,383,9000
17,79,3.6627491319444445,16.466666666666665,1482,9000
18,79,6.998919270833333,4.233333333333333,381,9000
18,79,3.5454858940972223,29.233333333333334,2631,9000
19,79,7.305803819444445,3.911111111111111,352,9000
19,79,4.475279079861111,15.11111111111111,1360,9000
global,79,8.176997395833334,3.4222222222222225,308,9000
0,80,7.2815993923611115,3.1,279,9000
0,80,3.943461371527778,6.588888888888889,593,9000
1,80,7.386886284722222,3.344444444444444,301,9000
1,80,4.7288524305555555,2.666666666666667,240,9000
2,80,7.047123697916667,4.677777777777778,421,9000
2,80,2.0204932725694444,51.48888888888889,4634,9000
3,80,7.284329861111111,3.6555555555555554,329,9000
3,80,4.212842447916667,10.188888888888888,917,9000
4,80,7.6814809027777775,3.0555555555555554,275,9000
4,80,6.034944878472222,1.3333333333333335,120,9000
5,80,7.569921875,3.4333333333333336,309,9000
5,80,5.490805121527778,3.8777777777777778,349,9000
6,80,7.153078993055556,3.4888888888888885,314,9000
6,80,4.354233072916666,5.566666666666667,501,9000
7,80,6.915900607638889,3.5111111111111115,316,9000
7,80,2.441357638888889,17.822222222222223,1604,9000
8,80,7.273948350694444,4.7,423,9000
8,80,4.106274305555556,17.08888888888889,1538,9000
9,80,6.724714409722222,4.455555555555556,401,9000
9,80,2.2313385416666667,42.077777777777776,3787,9000
10,80,7.095391493055556,4.666666666666667,420,9000
10,80,3.5813745659722223,10.055555555555555,905,9000
11,80,7.288339409722222,3.8666666666666667,348,9000
11,80,4.103858506944444,10.377777777777778,934,9000
12,80,7.320885416666667,4.211111111111111,379,9000
12,80,4.250047309027778,7.966666666666667,717,9000
13,80,7.399151909722222,4.055555555555555,365,9000
13,80,4.529397135416667,16.2,1458,9000
14,80,7.429055555555555,3.9,351,9000
14,80,4.961707899305556,9.477777777777778,853,9000
15,80,7.297676215277778,4.2,378,9000
15,80,3.844586371527778,13.144444444444444,1183,9000
16,80,7.445221354166667,4.266666666666667,384,9000
16,80,4.665543402777778,13.544444444444444,1219,9000
17,80,7.334098090277778,4.2555555555555555,383,9000
17,80,4.219697482638889,16.177777777777777,1456,9000
18,80,7.396503472222222,4.133333333333333,372,9000
18,80,4.712520399305555,10.766666666666666,969,9000
19,80,7.284959201388889,3.833333333333333,345,9000
19,80,4.237848958333333,9.344444444444445,841,9000
global,80,8.216327256944444,3.344444444444444,301,9000
0,81,7.264799479166666,3.1,279,9000
0,81,3.8883936631944445,16.233333333333334,1461,9000
1,81,7.473309895833333,3.3777777777777773,304,9000
1,81,4.9332322048611115,3.3333333333333335,300,9000
2,81,7.158087239583334,4.7,423,9000
2,81,2.4949544270833335,50.15555555555555,4514,9000
3,81,7.0881953125,3.6777777777777776,331,9000
3,81,3.9776736111111113,23.433333333333334,2109,9000
4,81,7.643327256944445,3.188888888888889,287,9000
4,81,5.73636328125,2.155555555555556,194,9000
5,81,7.563690104166667,3.3222222222222224,299,9000
5,81,5.659261284722223,8.122222222222222,731,9000
6,81,7.311946180555555,3.277777777777778,295,9000
6,81,4.637952256944445,5.177777777777778,466,9000
7,81,7.407022569444444,3.5888888888888886,323,9000
7,81,3.9555520833333335,10.666666666666668,960,9000
8,81,7.206359809027778,4.655555555555556,419,9000
8,81,3.787997829861111,16.12222222222222,1451,9000
9,81,6.989890625,4.4111111111111105,397,9000
9,81,2.5937174479166667,33.4,3006,9000
10,81,7.1066953125,4.466666666666667,402,9000
10,81,3.8390885416666665,18.577777777777776,1672,9000
11,81,7.3895381944444445,3.8555555555555556,347,9000
11,81,4.3599344618055556,10.533333333333333,948,9000
12,81,6.997060763888889,4.211111111111111,379,9000
12,81,3.2628604600694446,18.877777777777776,1699,9000
13,81,7.407127604166667,4.122222222222223,371,9000
13,81,4.205055121527778,18.477777777777778,1663,9000
14,81,7.344671875,3.7444444444444445,337,9000
14,81,4.454678819444444,9.18888888888889,827,9000
15,81,7.527296875,4.022222222222222,362,9000
15,81,4.64669140625,10.255555555555555,923,9000
16,81,7.373105034722222,4.022222222222222,362,9000
16,81,4.103879774305556,13.533333333333333,1218,9000
17,81,7.280439236111111,4.055555555555555,365,9000
17,81,3.904454861111111,13.944444444444445,1255,9000
18,81,7.079857204861111,4.144444444444444,373,9000
18,81,3.4112007378472224,18.155555555555555,1634,9000
19,81,7.1919822048611115,3.811111111111111,343,9000
19,81,3.64718359375,10.299999999999999,927,9000
global,81,8.202203993055555,3.4000000000000004,306,9000
0,82,7.235199652777778,2.977777777777778,268,9000
0,82,3.482097439236111,9.055555555555555,815,9000
1,82,7.18584375,3.355555555555555,302,9000
1,82,4.0309874131944445,3.7888888888888888,341,9000
2,82,7.159450086805555,4.522222222222222,407,9000
2,82,2.406666015625,46.18888888888889,4157,9000
3,82,7.2563984375,3.7444444444444445,337,9000
3,82,4.0414986979166665,15.622222222222224,1406,9000
4,82,7.321834201388889,3.155555555555556,284,9000
4,82,4.737307291666666,2.0444444444444447,184,9000
5,82,7.294414930555556,3.344444444444444,301,9000
5,82,4.5541484375,8.366666666666667,753,9000
6,82,7.017660590277778,3.3888888888888893,305,9000
6,82,3.8507421875,5.577777777777778,502,9000
7,82,7.473480034722222,3.4777777777777774,313,9000
7,82,4.440170138888889,8.777777777777777,790,9000
8,82,7.383825520833334,4.633333333333333,417,9000
8,82,4.48612109375,15.533333333333331,1398,9000
9,82,6.7512699652777775,4.311111111111112,388,9000
9,82,2.288542751736111,46.42222222222222,4178,9000
10,82,7.205772569444444,4.4111111111111105,397,9000
10,82,4.619055989583333,16.42222222222222,1478,9000
11,82,7.607293402777778,3.8555555555555556,347,9000
11,82,5.320352430555555,8.6,774,9000
12,82,7.276098958333334,4.366666666666666,393,9000
12,82,3.9245377604166665,10.177777777777777,916,9000
13,82,7.450947048611111,4.0,360,9000
13,82,4.50351953125,14.411111111111111,1297,9000
14,82,7.233687065972222,3.6999999999999997,333,9000
14,82,4.113174045138889,9.622222222222222,866,9000
15,82,7.681545138888889,3.8666666666666667,348,9000
15,82,5.381864583333333,9.011111111111111,811,9000
16,82,7.397877604166666,4.166666666666666,375,9000
16,82,4.3216032986111115,12.855555555555556,1157,9000
17,82,7.115227430555556,4.0888888888888895,368,9000
17,82,3.210834201388889,16.933333333333334,1524,9000
18,82,7.2851510416666665,4.077777777777778,367,9000
18,82,4.283489583333333,14.255555555555555,1283,9000
19,82,7.3026484375,3.644444444444445,328,9000
19,82,4.229513888888889,9.5,855,9000
global,82,8.236552951388889,3.3333333333333335,300,9000
0,83,7.45921875,3.0,270,9000
0,83,4.321569878472222,5.6000000000000005,504,9000
1,83,7.400327256944444,3.255555555555555,293,9000
1,83,4.711386284722222,2.666666666666667,240,9000
2,83,7.253010416666666,4.466666666666667,402,9000
2,83,2.6754971788194446,47.9,4311,9000
3,83,7.222490451388889,3.7555555555555555,338,9000
3,83,3.638267795138889,8.755555555555555,788,9000
4,83,7.347223958333333,3.188888888888889,287,9000
4,83,4.56016796875,2.2333333333333334,201,9000
5,83,7.660888020833333,3.4111111111111114,307,9000
5,83,5.735216579861111,4.877777777777778,439,9000
6,83,7.29571875,3.288888888888889,296,9000
6,83,4.58459765625,3.6555555555555554,329,9000
7,83,7.321860243055555,3.4555555555555553,311,9000
7,83,3.7044796006944445,10.28888888888889,926,9000
8,83,6.996101996527778,4.777777777777778,430,9000
8,83,3.141215277777778,25.333333333333336,2280,9000
9,83,7.035590277777778,4.366666666666666,393,9000
9,83,2.8230900607638887,31.322222222222223,2819,9000
10,83,7.405424479166666,4.444444444444445,400,9000
10,83,4.454591579861111,10.011111111111111,901,9000
11,83,7.143143229166666,3.8666666666666667,348,9000
11,83,3.414996527777778,14.466666666666667,1302,9000
12,83,7.144102430555556,4.366666666666666,393,9000
12,83,3.6007452256944443,20.21111111111111,1819,9000
13,83,7.582296875,4.022222222222222,362,9000
13,83,4.950278211805555,15.233333333333333,1371,9000
14,83,7.2251336805555555,3.6999999999999997,333,9000
14,83,4.0036106770833335,10.555555555555555,950,9000
15,83,7.363830729166667,4.066666666666666,366,9000
15,83,3.904290798611111,12.133333333333333,1092,9000
16,83,7.408818576388889,4.133333333333333,372,9000
16,83,4.370824652777777,14.655555555555555,1319,9000
17,83,7.252237413194444,4.077777777777778,367,9000
17,83,3.6954366319444443,17.066666666666666,1536,9000
18,83,7.230486545138889,4.166666666666666,375,9000
18,83,3.86785546875,16.42222222222222,1478,9000
19,83,7.352825520833333,3.5888888888888886,323,9000
19,83,4.868225694444445,18.011111111111113,1621,9000
global,83,8.26405642361111,3.3666666666666663,303,9000
0,84,7.237817708333333,3.1,279,9000
0,84,3.5425421006944444,12.377777777777778,1114,9000
1,84,6.997532118055555,3.288888888888889,296,9000
1,84,3.235255859375,5.266666666666667,474,9000
2,84,7.485592013888889,4.355555555555555,392,9000
2,84,3.0794040798611113,32.22222222222222,2900,9000
3,84,7.292190104166667,3.644444444444445,328,9000
3,84,4.892898003472222,22.577777777777776,2032,9000
4,84,7.300845486111111,3.033333333333333,273,9000
4,84,4.4304652777777775,2.2111111111111112,199,9000
5,84,7.631181423611111,3.3222222222222224,299,9000
5,84,5.511502604166667,4.911111111111111,442,9000
6,84,6.949742621527778,3.3666666666666663,303,9000
6,84,3.3573018663194443,7.788888888888888,701,9000
7,84,7.303927083333333,3.5222222222222226,317,9000
7,84,3.530620659722222,15.966666666666669,1437,9000
8,84,7.2240685763888886,4.7,423,9000
8,84,3.5798159722222223,22.5,2025,9000
9,84,6.807994791666666,4.344444444444444,391,9000
9,84,2.789150390625,43.733333333333334,3936,9000
10,84,7.189622829861111,4.433333333333334,399,9000
10,84,3.555767795138889,8.688888888888888,782,9000
11,84,7.301506076388889,3.911111111111111,352,9000
11,84,3.907140625,12.11111111111111,1090,9000
12,84,7.226572048611111,4.388888888888888,395,9000
12,84,3.562373263888889,9.911111111111111,892,9000
13,84,7.408159722222222,4.044444444444444,364,9000
13,84,4.0710368923611115,16.644444444444446,1498,9000
14,84,7.468477430555556,3.733333333333334,336,9000
14,84,4.994809461805556,11.31111111111111,1018,9000
15,84,7.473836805555556,4.077777777777778,367,9000
15,84,4.275518229166667,11.911111111111111,1072,9000
16,84,7.221405815972222,4.033333333333333,363,9000
16,84,3.5042628038194445,17.31111111111111,1558,9000
17,84,7.3973446180555555,4.044444444444444,364,9000
17,84,4.297797309027778,15.11111111111111,1360,9000
18,84,7.198009114583333,4.055555555555555,365,9000
18,84,4.153394965277778,28.1,2529,9000
19,84,7.404558159722222,3.5555555555555554,320,9000
19,84,4.313060329861111,8.722222222222223,785,9000
global,84,8.255219618055555,3.3666666666666663,303,9000
0,85,7.257175347222222,2.966666666666667,267,9000
0,85,3.7451805555555557,18.68888888888889,1682,9000
1,85,7.496582465277778,3.266666666666666,294,9000
1,85,4.967338541666667,5.1,459,9000
2,85,7.465026909722222,4.344444444444444,391,9000
2,85,3.0962322048611113,28.26666666666667,2544,9000
3,85,7.459214409722223,3.6111111111111107,325,9000
3,85,4.515944444444444,6.788888888888889,611,9000
4,85,7.295203993055556,3.2333333333333334,291,9000
4,85,4.3237604166666666,2.422222222222222,218,9000
5,85,7.646901041666666,3.4333333333333336,309,9000
5,85,5.613334201388889,4.888888888888889,440,9000
6,85,7.033783854166667,3.3777777777777773,304,9000
6,85,3.5421651475694444,6.222222222222222,560,9000
7,85,7.332355902777778,3.4666666666666663,312,9000
7,85,3.627632161458333,11.31111111111111,1018,9000
8,85,7.487186631944445,4.733333333333333,426,9000
8,85,4.652063802083333,19.177777777777777,1726,9000
9,85,6.915597222222222,4.355555555555555,392,9000
9,85,2.368586154513889,42.22222222222222,3800,9000
10,85,7.094397569444444,4.3,387,9000
10,85,3.5961375868055554,17.233333333333334,1551,9000
11,85,7.542647569444444,3.711111111111111,334,9000
11,85,4.862463541666667,8.577777777777778,772,9000
12,85,7.246618923611111,4.2444444444444445,382,9000
12,85,3.7044249131944444,10.944444444444445,985,9000
13,85,7.521109375,4.055555555555555,365,9000
13,85,4.664391493055556,16.41111111111111,1477,9000
14,85,7.263544270833333,3.7444444444444445,337,9000
14,85,4.08079296875,9.877777777777778,889,9000
15,85,7.257445746527778,3.911111111111111,352,9000
15,85,3.630413628472222,16.977777777777778,1528,9000
16,85,7.287592881944445,3.966666666666667,357,9000
16,85,3.7983051215277777,17.544444444444444,1579,9000
17,85,7.377420138888889,4.011111111111111,361,9000
17,85,4.154036458333334,12.455555555555556,1121,9000
18,85,7.461321180555555,4.166666666666666,375,9000
18,85,4.858849392361111,12.766666666666667,1149,9000
19,85,7.381325520833333,3.5999999999999996,324,9000
19,85,4.457716145833333,12.92222222222222,1163,9000
global,85,8.269633680555556,3.3888888888888893,305,9000
0,86,7.435029513888889,3.077777777777778,277,9000
0,86,4.125247829861111,9.066666666666666,816,9000
1,86,7.384674479166667,3.3111111111111113,298,9000
1,86,4.48115234375,4.555555555555555,410,9000
2,86,7.406822916666667,4.444444444444445,400,9000
2,86,2.734574652777778,31.122222222222224,2801,9000
3,86,7.142666666666667,3.644444444444445,328,9000
3,86,3.590287326388889,18.655555555555555,1679,9000
4,86,7.132047743055556,3.077777777777778,277,9000
4,86,3.9449210069444445,3.6222222222222227,326,9000
5,86,7.736006076388889,3.255555555555555,293,9000
5,86,5.772029513888889,3.5888888888888886,323,9000
6,86,7.167763888888889,3.2333333333333334,291,9000
6,86,4.208531684027778,5.5,495,9000
7,86,7.566895833333334,3.4222222222222225,308,9000
7,86,4.7484084201388885,12.022222222222222,1082,9000
8,86,6.784351128472222,4.5777777777777775,412,9000
8,86,2.177890407986111,33.43333333333333,3009,9000
9,86,6.933733940972222,4.311111111111112,388,9000
9,86,2.392259982638889,40.57777777777778,3652,9000
10,86,7.379013888888889,4.4111111111111105,397,9000
10,86,4.500612413194444,10.0,900,9000
11,86,7.092520399305555,3.9,351,9000
11,86,3.171810546875,14.11111111111111,1270,9000
12,86,7.261540364583333,4.322222222222223,389,9000
12,86,3.7550030381944444,12.433333333333334,1119,9000
13,86,7.5479574652777774,3.966666666666667,357,9000
13,86,4.788802517361111,18.444444444444443,1660,9000
14,86,7.426454861111111,3.733333333333334,336,9000
14,86,4.764473958333333,9.688888888888888,872,9000
15,86,7.463625,4.022222222222222,362,9000
15,86,4.271141493055556,11.799999999999999,1062,9000
16,86,7.554197048611111,3.8555555555555556,347,9000
16,86,4.7955160590277774,11.511111111111111,1036,9000
17,86,6.892907552083333,4.055555555555555,365,9000
17,86,2.4024223090277776,30.777777777777775,2770,9000
18,86,7.4035355902777775,4.111111111111112,370,9000
18,86,4.542068142361111,13.666666666666666,1230,9000
19,86,7.316787326388889,3.6111111111111107,325,9000
19,86,4.035641059027777,12.38888888888889,1115,9000
global,86,8.273237847222223,3.355555555555555,302,9000
0,87,7.224526909722222,3.077777777777778,277,9000
0,87,3.409614800347222,15.166666666666668,1365,9000
1,87,6.970256510416666,3.255555555555555,293,9000
1,87,3.1746957465277776,5.7444444444444445,517,9000
2,87,7.490983506944445,4.288888888888889,386,9000
2,87,3.044975260416667,31.977777777777778,2878,9000
3,87,7.284210069444445,3.6111111111111107,325,9000
3,87,4.856006510416667,24.344444444444445,2191,9000
4,87,7.273884114583334,3.0555555555555554,275,9000
4,87,4.294932725694444,2.7444444444444445,247,9000
5,87,7.6247682291666665,3.3000000000000003,297,9000
5,87,5.442994357638889,4.944444444444445,445,9000
6,87,6.953351128472222,3.255555555555555,293,9000
6,87,3.393232204861111,7.488888888888889,674,9000
7,87,7.297872395833333,3.4444444444444446,310,9000
7,87,3.4383515625,17.344444444444445,1561,9000
8,87,7.228877604166667,4.655555555555556,419,9000
8,87,3.5413767361111113,23.533333333333335,2118,9000
9,87,6.794006944444445,4.2444444444444445,382,9000
9,87,2.773689236111111,44.46666666666667,4002,9000
10,87,7.1797894965277775,4.2444444444444445,382,9000
10,87,3.498599392361111,9.1,819,9000
11,87,7.2878359375,3.8555555555555556,347,9000
11,87,3.8403511284722223,12.2,1098,9000
12,87,7.2004105902777775,4.4111111111111105,397,9000
12,87,3.418456380208333,10.811111111111112,973,9000
13,87,7.369264756944444,4.011111111111111,361,9000
13,87,3.8935833333333334,17.988888888888887,1619,9000
14,87,7.481027777777777,3.6222222222222227,326,9000
14,87,5.007583767361111,11.144444444444444,1003,9000
15,87,7.467284722222222,3.933333333333333,354,9000
15,87,4.229109375,11.444444444444445,1030,9000
16,87,7.229295138888889,4.022222222222222,362,9000
16,87,3.480377170138889,17.711111111111112,1594,9000
17,87,7.368861111111111,3.944444444444444,355,9000
17,87,4.157923611111111,15.511111111111111,1396,9000
18,87,7.196986979166667,4.022222222222222,362,9000
18,87,4.109626736111111,29.71111111111111,2674,9000
19,87,7.388235243055555,3.4444444444444446,310,9000
19,87,4.23078515625,9.233333333333334,831,9000
global,87,8.286217013888889,3.3333333333333335,300,9000
0,88,7.4493680555555555,3.0666666666666664,276,9000
0,88,4.103856770833334,7.322222222222222,659,9000
1,88,7.384425347222222,3.255555555555555,293,9000
1,88,4.5166328125,2.8666666666666667,258,9000
2,88,7.237802951388889,4.433333333333334,399,9000
2,88,2.5322899305555557,49.7,4473,9000
3,88,7.198983506944445,3.6555555555555554,329,9000
3,88,3.4069993489583332,10.522222222222222,947,9000
4,88,7.315297743055556,3.1333333333333333,282,9000
4,88,4.333073784722222,3.0,270,9000
5,88,7.680296875,3.4111111111111114,307,9000
5,88,5.619905381944444,5.366666666666667,483,9000
6,88,7.317244791666667,3.188888888888889,287,9000
6,88,4.581369357638889,3.1333333333333333,282,9000
7,88,7.3088359375,3.3333333333333335,300,9000
7,88,3.458241970486111,11.944444444444445,1075,9000
8,88,6.978597222222223,4.766666666666667,429,9000
8,88,2.9912476128472223,26.43333333333333,2379,9000
9,88,7.053921875,4.0888888888888895,368,9000
9,88,2.737241970486111,33.82222222222222,3044,9000
10,88,7.414322916666666,4.1000000000000005,369,9000
10,88,4.434150607638889,10.666666666666668,960,9000
11,88,7.083986111111111,3.8666666666666667,348,9000
11,88,3.119560112847222,16.88888888888889,1520,9000
12,88,7.122327256944445,4.366666666666666,393,9000
12,88,3.4772493489583334,23.288888888888888,2096,9000
13,88,7.549599826388889,4.011111111111111,361,9000
13,88,4.650529947916667,16.92222222222222,1523,9000
14,88,7.222075954861111,3.5777777777777775,322,9000
14,88,3.8785256076388888,11.1,999,9000
15,88,7.368321180555555,3.888888888888889,350,9000
15,88,3.817423177083333,11.544444444444444,1039,9000
16,88,7.432860243055556,4.066666666666666,366,9000
16,88,4.2925329861111114,15.37777777777778,1384,9000
17,88,7.218647135416667,3.9555555555555553,356,9000
17,88,3.440379123263889,19.18888888888889,1727,9000
18,88,7.224525607638889,4.2,378,9000
18,88,3.6925069444444443,18.61111111111111,1675,9000
19,88,7.3238055555555555,3.4777777777777774,313,9000
19,88,4.69986328125,20.11111111111111,1810,9000
global,88,8.26695920138889,3.3888888888888893,305,9000
0,89,7.4189175347222225,3.0444444444444443,274,9000
0,89,4.135164930555556,7.333333333333333,660,9000
1,89,7.44590625,3.277777777777778,295,9000
1,89,4.819023871527778,4.466666666666667,402,9000
2,89,7.281826388888889,4.466666666666667,402,9000
2,89,2.6818346354166667,48.699999999999996,4383,9000
3,89,7.336840277777778,3.5333333333333337,318,9000
3,89,4.91675390625,21.233333333333334,1911,9000
4,89,7.372970486111111,3.1,279,9000
4,89,4.606641059027778,4.9,441,9000
5,89,7.453810763888889,3.4000000000000004,306,9000
5,89,4.793314236111111,9.0,810,9000
6,89,6.848670138888889,3.144444444444444,283,9000
6,89,3.4800299479166665,6.0777777777777775,547,9000
7,89,7.299141493055555,3.4111111111111114,307,9000
7,89,3.3786241319444446,13.68888888888889,1232,9000
8,89,7.188398003472222,4.5777777777777775,412,9000
8,89,3.404801215277778,17.555555555555554,1580,9000
9,89,7.0075724826388885,4.022222222222222,362,9000
9,89,2.737691189236111,32.211111111111116,2899,9000
10,89,7.056583767361111,4.055555555555555,365,9000
10,89,3.468498263888889,18.08888888888889,1628,9000
11,89,7.387807291666666,3.6999999999999997,333,9000
11,89,4.316167100694445,8.633333333333333,777,9000
12,89,7.301322916666667,4.3,387,9000
12,89,3.82023828125,9.777777777777779,880,9000
13,89,7.654244791666667,3.911111111111111,352,9000
13,89,5.486027777777778,16.65555555555556,1499,9000
14,89,7.387120659722222,3.6333333333333337,327,9000
14,89,4.438998263888889,8.733333333333333,786,9000
15,89,7.702861111111111,3.7444444444444445,337,9000
15,89,5.316583333333333,8.411111111111111,757,9000
16,89,7.182833767361111,3.9555555555555553,356,9000
16,89,3.4986338975694444,17.78888888888889,1601,9000
17,89,7.245405381944445,3.8666666666666667,348,9000
17,89,3.651049479166667,15.722222222222223,1415,9000
18,89,7.067274305555555,4.222222222222222,380,9000
18,89,3.2676395399305553,20.41111111111111,1837,9000
19,89,7.257044270833333,3.4777777777777774,313,9000
19,89,3.7630269097222224,7.2555555555555555,653,9000
global,89,8.288583333333333,3.344444444444444,301,9000
0,90,7.2595859375,3.166666666666667,285,9000
0,90,3.6210794270833335,14.233333333333334,1281,9000
1,90,7.263233940972222,3.2222222222222223,290,9000
1,90,3.99351953125,5.5888888888888895,503,9000
2,90,7.0483046875,4.477777777777778,403,9000
2,90,2.2829331597222224,55.06666666666666,4956,9000
3,90,7.444037326388889,3.5000000000000004,315,9000
3,90,4.820541232638889,15.444444444444445,1390,9000
4,90,7.475029513888889,3.022222222222222,272,9000
4,90,5.083670572916667,2.022222222222222,182,9000
5,90,7.4650364583333335,3.355555555555555,302,9000
5,90,4.9050234375,9.555555555555555,860,9000
6,90,7.406690972222222,3.288888888888889,296,9000
6,90,4.735467447916666,4.2,378,9000
7,90,7.394168402777778,3.3666666666666663,303,9000
7,90,3.77533984375,13.055555555555557,1175,9000
8,90,7.177888454861111,4.533333333333333,408,9000
8,90,3.317172309027778,19.933333333333334,1794,9000
9,90,6.993131944444444,3.811111111111111,343,9000
9,90,2.966027994791667,32.37777777777778,2914,9000
10,90,7.11455078125,4.044444444444444,364,9000
10,90,3.6372311197916667,16.48888888888889,1484,9000
11,90,7.189171875,3.7555555555555555,338,9000
11,90,3.7991493055555554,21.477777777777778,1933,9000
12,90,7.015746961805555,4.177777777777777,376,9000
12,90,2.989517361111111,22.98888888888889,2069,9000
13,90,7.573315972222222,3.988888888888889,359,9000
13,90,4.835296006944445,16.7,1503,9000
14,90,7.339735243055555,3.5666666666666664,321,9000
14,90,4.372330729166666,10.244444444444445,922,9000
15,90,7.443839409722222,3.7777777777777777,340,9000
15,90,4.173072482638889,10.5,945,9000
16,90,7.572659722222222,3.888888888888889,350,9000
16,90,4.756883680555555,10.6,954,9000
17,90,7.107422309027778,3.844444444444445,346,9000
17,90,2.9974186197916666,20.344444444444445,1831,9000
18,90,7.0530794270833335,4.111111111111112,370,9000
18,90,3.058035373263889,24.877777777777776,2239,9000
19,90,7.218872829861111,3.3666666666666663,303,9000
19,90,4.04626953125,18.011111111111113,1621,9000
global,90,8.284807291666667,3.3111111111111113,298,9000
0,91,7.192860243055556,3.1222222222222222,281,9000
0,91,3.300532986111111,17.566666666666666,1581,9000
1,91,6.936268229166667,3.177777777777778,286,9000
1,91,3.065931640625,7.066666666666667,636,9000
2,91,7.4694782986111115,4.311111111111112,388,9000
2,91,2.875603732638889,34.81111111111111,3133,9000
3,91,7.278276475694445,3.5666666666666664,321,9000
3,91,4.762805989583334,26.055555555555554,2345,9000
4,91,7.262855902777778,3.077777777777778,277,9000
4,91,4.153992621527777,3.4888888888888885,314,9000
5,91,7.611423611111111,3.3111111111111113,298,9000
5,91,5.324186197916666,5.266666666666667,474,9000
6,91,6.930055989583333,3.155555555555556,284,9000
6,91,3.308965277777778,8.322222222222223,749,9000
7,91,7.2894453125,3.355555555555555,302,9000
7,91,3.3834526909722222,18.444444444444443,1660,9000
8,91,7.236305989583333,4.5777777777777775,412,9000
8,91,3.5860451388888888,23.533333333333335,2118,9000
9,91,6.777378038194445,4.066666666666666,366,9000
9,91,2.696731987847222,46.27777777777778,4165,9000
10,91,7.16191015625,4.044444444444444,364,9000
10,91,3.3529166666666668,10.566666666666666,951,9000
11,91,7.264812065972222,3.7888888888888888,341,9000
11,91,3.746467447916667,12.977777777777778,1168,9000
12,91,7.1989292534722225,4.2444444444444445,382,9000
12,91,3.3579676649305554,11.177777777777779,1006,9000
13,91,7.325403645833333,3.966666666666667,357,9000
13,91,3.662358940972222,20.055555555555554,1805,9000
14,91,7.473415798611111,3.6222222222222227,326,9000
14,91,4.960172309027778,12.555555555555555,1130,9000
15,91,7.461479166666667,3.833333333333333,345,9000
15,91,4.1894913194444445,11.866666666666667,1068,9000
16,91,7.218103298611111,3.8777777777777778,349,9000
16,91,3.4359520399305556,17.555555555555554,1580,9000
17,91,7.359743923611111,3.844444444444445,346,9000
17,91,4.106427083333333,16.22222222222222,1460,9000
18,91,7.1652730034722225,4.0,360,9000
18,91,3.9764921875,32.27777777777778,2905,9000
19,91,7.380886284722222,3.355555555555555,302,9000
19,91,4.141243489583333,10.777777777777779,970,9000
global,91,8.308753472222222,3.288888888888889,296,9000
0,92,7.327729166666667,3.1,279,9000
0,92,3.5022899305555555,11.055555555555555,995,9000
1,92,7.508381076388889,3.166666666666667,285,9000
1,92,4.945975260416667,4.2555555555555555,383,9000
2,92,7.1422907986111115,4.488888888888889,404,9000
2,92,2.021728732638889,53.388888888888886,4805,9000
3,92,7.621421006944445,3.4000000000000004,306,9000
3,92,5.525428385416666,7.233333333333333,651,9000
4,92,7.571136284722222,3.2111111111111112,289,9000
4,92,5.024104600694445,2.677777777777778,241,9000
5,92,7.474456597222222,3.3111111111111113,298,9000
5,92,4.758871961805555,9.8,882,9000
6,92,6.950630642361111,3.3111111111111113,298,9000
6,92,3.44814453125,6.2,558,9000
7,92,7.608102430555555,3.277777777777778,295,9000
7,92,4.8195698784722225,9.722222222222223,875,9000
8,92,7.135288628472222,4.555555555555555,410,9000
8,92,3.2495768229166666,21.522222222222222,1937,9000
9,92,6.920631076388889,4.266666666666667,384,9000
9,92,2.591073784722222,47.788888888888884,4301,9000
10,92,7.5280546875,3.966666666666667,357,9000
10,92,4.697517361111111,6.155555555555556,554,9000
11,92,7.324338541666667,3.5999999999999996,324,9000
11,92,3.957437065972222,8.988888888888889,809,9000
12,92,7.109048177083333,4.055555555555555,365,9000
12,92,3.171049045138889,17.466666666666665,1572,9000
13,92,7.617460069444444,3.944444444444444,355,9000
13,92,4.9497100694444445,16.466666666666665,1482,9000
14,92,7.291455729166667,3.5222222222222226,317,9000
14,92,4.003060329861111,13.02222222222222,1172,9000
15,92,7.384639756944445,3.6777777777777776,331,9000
15,92,3.9566059027777776,15.299999999999999,1377,9000
16,92,7.268643663194444,3.977777777777778,358,9000
16,92,3.609810112847222,17.988888888888887,1619,9000
17,92,7.636918402777778,3.722222222222222,335,9000
17,92,5.1704453125,13.355555555555556,1202,9000
18,92,7.171384548611111,4.044444444444444,364,9000
18,92,3.4939542100694445,20.355555555555554,1832,9000
19,92,7.391001736111111,3.344444444444444,301,9000
19,92,4.138625,11.444444444444445,1030,9000
global,92,8.299801215277778,3.3222222222222224,299,9000
0,93,7.286777777777778,3.0666666666666664,276,9000
0,93,3.4759071180555554,12.911111111111111,1162,9000
1,93,7.331451388888889,3.3222222222222224,299,9000
1,93,4.259221354166667,4.888888888888889,440,9000
2,93,7.2558129340277775,4.366666666666666,393,9000
2,93,1.852974392361111,38.233333333333334,3441,9000
3,93,7.047642361111111,3.5555555555555554,320,9000
3,93,3.1916121961805555,20.155555555555555,1814,9000
4,93,7.563088541666667,2.933333333333333,264,9000
4,93,5.323821614583333,1.5222222222222221,137,9000
5,93,7.635676215277778,3.3111111111111113,298,9000
5,93,5.272006944444445,5.455555555555556,491,9000
6,93,6.980715711805556,3.2444444444444445,292,9000
6,93,3.7448602430555558,13.922222222222222,1253,9000
7,93,7.389361979166667,3.3333333333333335,300,9000
7,93,3.723939670138889,17.155555555555555,1544,9000
8,93,7.077301649305555,4.3999999999999995,396,9000
8,93,3.179622829861111,25.933333333333337,2334,9000
9,93,6.676453125,4.111111111111112,370,9000
9,93,1.380095703125,50.05555555555555,4505,9000
10,93,7.105072916666667,3.966666666666667,357,9000
10,93,3.9553528645833333,23.166666666666664,2085,9000
11,93,7.241378038194444,3.811111111111111,343,9000
11,93,3.870515625,21.07777777777778,1897,9000
12,93,6.979349826388889,4.066666666666666,366,9000
12,93,2.9008157552083333,26.98888888888889,2429,9000
13,93,7.785376736111111,3.911111111111111,352,9000
13,93,5.821309895833333,15.244444444444444,1372,9000
14,93,7.288289930555556,3.5888888888888886,323,9000
14,93,4.094756944444445,11.21111111111111,1009,9000
15,93,7.452628472222222,3.8777777777777778,349,9000
15,93,4.030469184027778,11.055555555555555,995,9000
16,93,7.280068576388889,3.7888888888888888,341,9000
16,93,3.6614379340277776,15.2,1368,9000
17,93,7.208327256944444,3.711111111111111,334,9000
17,93,3.5532163628472224,18.422222222222224,1658,9000
18,93,7.0896328125,4.0888888888888895,368,9000
18,93,3.233925130208333,17.833333333333336,1605,9000
19,93,7.207770399305556,3.4666666666666663,312,9000
19,93,3.494882378472222,16.03333333333333,1443,9000
global,93,8.325314236111112,3.3333333333333335,300,9000
0,94,7.239112413194444,3.166666666666667,285,9000
0,94,3.5029754774305557,17.711111111111112,1594,9000
1,94,7.402564236111111,3.2111111111111112,289,9000
1,94,4.556785590277777,6.1,549,9000
2,94,7.085498697916667,4.211111111111111,379,9000
2,94,1.79971875,55.266666666666666,4974,9000
3,94,7.412361111111111,3.5000000000000004,315,9000
3,94,4.207935763888889,12.1,1089,9000
4,94,7.638624131944445,3.177777777777778,286,9000
4,94,5.251309895833334,2.388888888888889,215,9000
5,94,7.5994600694444445,3.3888888888888893,305,9000
5,94,5.0755217013888885,7.888888888888888,710,9000
6,94,7.114194878472222,3.155555555555556,284,9000
6,94,3.886909722222222,3.5666666666666664,321,9000
7,94,7.400235243055556,3.355555555555555,302,9000
7,94,3.448513671875,17.233333333333334,1551,9000
8,94,7.090694010416667,4.433333333333334,399,9000
8,94,3.0985555555555555,17.48888888888889,1574,9000
9,94,7.053039930555555,3.8666666666666667,348,9000
9,94,2.58059375,30.2,2718,9000
10,94,7.386982638888889,3.6999999999999997,333,9000
10,94,4.160075954861111,4.455555555555556,401,9000
11,94,7.3239930555555555,3.6555555555555554,329,9000
11,94,3.9260047743055555,14.08888888888889,1268,9000
12,94,6.7927842881944445,4.011111111111111,361,9000
12,94,2.605060546875,30.988888888888887,2789,9000
13,94,7.786401041666666,3.933333333333333,354,9000
13,94,5.63355078125,14.877777777777778,1339,9000
14,94,7.168808159722222,3.5888888888888886,323,9000
14,94,3.5289086371527776,13.5,1215,9000
15,94,7.604402777777778,3.5333333333333337,318,9000
15,94,4.838391059027778,11.31111111111111,1018,9000
16,94,7.588199652777778,3.6888888888888887,332,9000
16,94,4.685338107638889,10.044444444444444,904,9000
17,94,7.219988715277778,3.7666666666666666,339,9000
17,94,3.220343532986111,20.122222222222224,1811,9000
18,94,7.026643229166667,4.155555555555555,374,9000
18,94,2.9904565972222223,25.233333333333334,2271,9000
19,94,7.451111979166667,3.4111111111111114,307,9000
19,94,4.093407986111111,9.4,846,9000
global,94,8.343848090277778,3.288888888888889,296,9000
0,95,7.1756011284722225,3.188888888888889,287,9000
0,95,3.116406684027778,21.688888888888886,1952,9000
1,95,6.915851128472222,3.177777777777778,286,9000
1,95,3.0142801649305557,7.677777777777778,691,9000
2,95,7.475564236111111,4.2444444444444445,382,9000
2,95,2.787708767361111,37.233333333333334,3351,9000
3,95,7.273432725694445,3.5222222222222226,317,9000
3,95,4.7450316840277775,26.622222222222224,2396,9000
4,95,7.252061631944445,3.0,270,9000
4,95,4.0031510416666665,4.711111111111111,424,9000
5,95,7.624122395833333,3.2111111111111112,289,9000
5,95,5.209075520833333,5.188888888888889,467,9000
6,95,6.926625868055556,3.088888888888889,278,9000
6,95,3.251838324652778,9.477777777777778,853,9000
7,95,7.274490017361111,3.3111111111111113,298,9000
7,95,3.2367586805555555,21.022222222222222,1892,9000
8,95,7.252141059027778,4.444444444444445,400,9000
8,95,3.5813563368055554,22.522222222222222,2027,9000
9,95,6.776376302083333,3.9,351,9000
9,95,2.7932667100694446,44.644444444444446,4018,9000
10,95,7.159282552083333,3.977777777777778,358,9000
10,95,3.236333984375,12.777777777777777,1150,9000
11,95,7.2676796875,3.722222222222222,335,9000
11,95,3.627125217013889,13.966666666666667,1257,9000
12,95,7.209872829861111,4.166666666666666,375,9000
12,95,3.2820247395833335,11.633333333333333,1047,9000
13,95,7.297858506944444,3.944444444444444,355,9000
13,95,3.5270475260416667,20.466666666666665,1842,9000
14,95,7.497422743055555,3.5333333333333337,318,9000
14,95,4.885017361111111,13.955555555555554,1256,9000
15,95,7.466925347222222,3.833333333333333,345,9000
15,95,4.026074652777778,12.122222222222222,1091,9000
16,95,7.222091145833334,3.8666666666666667,348,9000
16,95,3.30806640625,18.855555555555554,1697,9000
17,95,7.359923611111111,3.711111111111111,334,9000
17,95,3.9405542534722224,16.333333333333332,1470,9000
18,95,7.168822916666667,3.9,351,9000
18,95,3.9105533854166667,33.48888888888889,3014,9000
19,95,7.373705729166667,3.3333333333333335,300,9000
19,95,3.9626770833333333,13.81111111111111,1243,9000
global,95,8.36348263888889,3.2444444444444445,292,9000
0,96,7.251055555555555,3.155555555555556,284,9000
0,96,3.131090060763889,17.122222222222224,1541,9000
1,96,7.537199652777778,3.177777777777778,286,9000
1,96,4.878329861111111,3.344444444444444,301,9000
2,96,7.257937065972222,4.355555555555555,392,9000
2,96,1.9545078125,44.4,3996,9000
3,96,7.1624791666666665,3.4888888888888885,314,9000
3,96,3.074003689236111,17.666666666666668,1590,9000
4,96,7.385618923611111,3.022222222222222,272,9000
4,96,4.573607204861111,4.1000000000000005,369,9000
5,96,7.354088541666667,3.3333333333333335,300,9000
5,96,4.285581597222222,12.133333333333333,1092,9000
6,96,7.002045138888889,3.155555555555556,284,9000
6,96,3.355217230902778,4.955555555555556,446,9000
7,96,7.184050347222223,3.277777777777778,295,9000
7,96,2.7697604166666667,25.744444444444444,2317,9000
8,96,7.263944444444444,4.355555555555555,392,9000
8,96,3.628437282986111,16.61111111111111,1495,9000
9,96,6.731517361111111,3.922222222222222,353,9000
9,96,2.345724175347222,53.93333333333333,4854,9000
10,96,7.254419270833333,3.966666666666667,357,9000
10,96,3.5831171875,11.333333333333332,1020,9000
11,96,7.632390625,3.6999999999999997,333,9000
11,96,5.0174618055555555,11.555555555555555,1040,9000
12,96,7.126546875,4.077777777777778,367,9000
12,96,3.2583506944444443,22.8,2052,9000
13,96,7.400171875,4.022222222222222,362,9000
13,96,3.8704075520833334,22.144444444444446,1993,9000
14,96,7.120358072916667,3.5999999999999996,324,9000
14,96,3.4763135850694447,15.044444444444444,1354,9000
15,96,7.480534722222222,3.6777777777777776,331,9000
15,96,3.9333077256944446,11.899999999999999,1071,9000
16,96,7.334810763888889,3.911111111111111,352,9000
16,96,3.8212447916666665,17.377777777777776,1564,9000
17,96,7.4737890625,3.6999999999999997,333,9000
17,96,4.268498697916667,12.077777777777778,1087,9000
18,96,6.917455729166667,4.055555555555555,365,9000
18,96,2.415818576388889,27.177777777777777,2446,9000
19,96,6.919992621527777,3.3777777777777773,304,9000
19,96,2.2388270399305554,28.97777777777778,2608,9000
global,96,8.35085763888889,3.344444444444444,301,9000
0,97,7.246222222222222,3.144444444444444,283,9000
0,97,3.171511935763889,16.055555555555557,1445,9000
1,97,7.532355034722222,3.188888888888889,287,9000
1,97,4.889305555555556,3.288888888888889,296,9000
2,97,7.238322048611111,4.433333333333334,399,9000
2,97,1.9429565972222222,44.27777777777778,3985,9000
3,97,7.1669644097222225,3.4888888888888885,314,9000
3,97,3.136168185763889,16.77777777777778,1510,9000
4,97,7.3905373263888885,3.033333333333333,273,9000
4,97,4.60935546875,3.911111111111111,352,9000
5,97,7.356962673611111,3.3777777777777773,304,9000
5,97,4.312760416666666,11.988888888888889,1079,9000
6,97,7.001159722222222,3.155555555555556,284,9000
6,97,3.348392578125,4.988888888888889,449,9000
7,97,7.1936158854166665,3.2333333333333334,291,9000
7,97,2.8651861979166666,24.066666666666666,2166,9000
8,97,7.272354600694444,4.355555555555555,392,9000
8,97,3.714592013888889,15.855555555555556,1427,9000
9,97,6.714760850694445,3.944444444444444,355,9000
9,97,2.351385199652778,53.41111111111111,4807,9000
10,97,7.257986111111111,3.944444444444444,355,9000
10,97,3.614210503472222,11.21111111111111,1009,9000
11,97,7.634828993055556,3.711111111111111,334,9000
11,97,5.071838975694445,11.588888888888889,1043,9000
12,97,7.144734809027778,4.044444444444444,364,9000
12,97,3.323280598958333,21.855555555555554,1967,9000
13,97,7.391778645833333,4.022222222222222,362,9000
13,97,3.8826510416666666,22.066666666666666,1986,9000
14,97,7.120806857638889,3.6333333333333337,327,9000
14,97,3.4755310329861113,14.733333333333334,1326,9000
15,97,7.473143229166666,3.6888888888888887,332,9000
15,97,3.9407447916666665,11.688888888888888,1052,9000
16,97,7.344271701388889,3.944444444444444,355,9000
16,97,3.8924752604166666,16.766666666666666,1509,9000
17,97,7.467640625,3.7444444444444445,337,9000
17,97,4.254649739583333,12.144444444444444,1093,9000
18,97,6.9041484375,4.122222222222223,371,9000
18,97,2.3761770833333333,28.01111111111111,2521,9000
19,97,6.911943142361111,3.3777777777777773,304,9000
19,97,2.257480685763889,28.555555555555557,2570,9000
global,97,8.376434895833333,3.277777777777778,295,9000
0,98,7.119556857638889,3.2333333333333334,291,9000
0,98,3.0630848524305554,29.777777777777775,2680,9000
1,98,7.378793402777778,3.2444444444444445,292,9000
1,98,4.3471566840277776,7.666666666666666,690,9000
2,98,7.447578125,4.288888888888889,386,9000
2,98,3.4270394965277777,45.6,4104,9000
3,98,7.2839479166666665,3.355555555555555,302,9000
3,98,3.933453125,20.555555555555554,1850,9000
4,98,7.4660564236111115,3.111111111111111,280,9000
4,98,4.511019097222222,2.7666666666666666,249,9000
5,98,7.604142361111111,3.2222222222222223,290,9000
5,98,5.234889322916667,9.922222222222222,893,9000
6,98,6.989328559027777,3.2,288,9000
6,98,3.4424793836805554,6.4222222222222225,578,9000
7,98,7.348861111111111,3.2333333333333334,291,9000
7,98,3.4202141927083334,19.466666666666665,1752,9000
8,98,7.068040798611111,4.466666666666667,402,9000
8,98,3.462761284722222,25.61111111111111,2305,9000
9,98,7.017090277777778,3.8555555555555556,347,9000
9,98,2.4143912760416666,44.44444444444444,4000,9000
10,98,7.172470920138889,3.8777777777777778,349,9000
10,98,3.4746727430555557,19.844444444444445,1786,9000
11,98,7.070916232638889,3.7444444444444445,337,9000
11,98,3.010974826388889,27.0,2430,9000
12,98,6.925068142361111,4.0,360,9000
12,98,2.697802951388889,26.93333333333333,2424,9000
13,98,7.316329861111111,3.911111111111111,352,9000
13,98,3.5924032118055558,20.555555555555554,1850,9000
14,98,7.241721354166667,3.6666666666666665,330,9000
14,98,3.7106384548611113,14.811111111111112,1333,9000
15,98,7.452854166666667,3.7666666666666666,339,9000
15,98,3.833921875,14.833333333333334,1335,9000
16,98,7.41428125,3.844444444444445,346,9000
16,98,3.9564084201388887,16.855555555555554,1517,9000
17,98,7.034119357638889,3.7777777777777777,340,9000
17,98,2.7118213975694445,24.72222222222222,2225,9000
18,98,7.374377604166667,4.1000000000000005,369,9000
18,98,4.057859375,20.955555555555556,1886,9000
19,98,7.323055555555555,3.266666666666666,294,9000
19,98,3.978263888888889,21.322222222222223,1919,9000
global,98,8.414016493055556,3.188888888888889,287,9000
0,99,7.517233506944445,3.266666666666666,294,9000
0,99,4.192325086805556,16.011111111111113,1441,9000
1,99,7.504478298611111,3.111111111111111,280,9000
1,99,4.645680989583333,3.966666666666667,357,9000
2,99,7.058578125,4.2555555555555555,383,9000
2,99,1.3871446397569445,57.92222222222222,5213,9000
3,99,7.213656684027778,3.3666666666666663,303,9000
3,99,3.958703125,29.72222222222222,2675,9000
4,99,7.3813836805555555,2.833333333333333,255,9000
4,99,4.316925347222222,3.0444444444444443,274,9000
5,99,7.803302951388889,2.9555555555555557,266,9000
5,99,5.769947916666666,5.9222222222222225,533,9000
6,99,7.127732204861111,3.1,279,9000
6,99,4.110085069444445,5.388888888888889,485,9000
7,99,7.626184027777778,3.0666666666666664,276,9000
7,99,4.391875434027778,6.777777777777779,610,9000
8,99,7.223371527777778,4.177777777777777,376,9000
8,99,3.44840234375,23.455555555555556,2111,9000
9,99,6.571470052083333,3.7444444444444445,337,9000
9,99,2.0032888454861113,47.27777777777778,4255,9000
10,99,7.355699652777778,3.6666666666666665,330,9000
10,99,4.171879774305555,14.944444444444443,1345,9000
11,99,7.104651041666667,3.7444444444444445,337,9000
11,99,2.9109565972222224,22.366666666666667,2013,9000
12,99,7.328762152777778,4.044444444444444,364,9000
12,99,3.500194878472222,12.422222222222222,1118,9000
13,99,7.589831597222222,4.044444444444444,364,9000
13,99,4.834717013888889,19.88888888888889,1790,9000
14,99,7.4342265625,3.3333333333333335,300,9000
14,99,4.352016059027778,10.4,936,9000
15,99,7.71128125,3.5555555555555554,320,9000
15,99,4.789169704861111,9.5,855,9000
16,99,7.660800347222223,3.6777777777777776,331,9000
16,99,4.856194444444444,11.366666666666667,1023,9000
17,99,7.341561631944445,3.8666666666666667,348,9000
17,99,3.4738556857638887,19.955555555555556,1796,9000
18,99,7.251366319444444,3.966666666666667,357,9000
18,99,3.2762276475694443,18.566666666666666,1671,9000
19,99,6.96816796875,3.2444444444444445,292,9000
19,99,3.3384346788194446,33.15555555555555,2984,9000
global,99,8.412633680555556,3.2444444444444445,292,9000
0,100,7.246756944444445,3.1333333333333333,282,9000
0,100,3.3622955729166666,19.58888888888889,1763,9000
1,100,7.379302951388889,3.2333333333333334,291,9000
1,100,4.335108940972222,6.377777777777778,574,9000
2,100,7.065746527777778,4.2555555555555555,383,9000
2,100,1.5860479600694444,58.95555555555556,5306,9000
3,100,7.4202734375,3.4555555555555553,311,9000
3,100,4.051767361111111,14.277777777777779,1285,9000
4,100,7.661177951388889,3.2111111111111112,289,9000
4,100,5.047003472222222,3.011111111111111,271,9000
5,100,7.6197890625,3.3111111111111113,298,9000
5,100,4.928523871527778,8.577777777777778,772,9000
6,100,7.139071614583333,2.988888888888889,269,9000
6,100,3.7961037326388887,3.4555555555555553,311,9000
7,100,7.416190104166667,3.2111111111111112,289,9000
7,100,3.343424045138889,17.433333333333334,1569,9000
8,100,7.11853125,4.266666666666667,384,9000
8,100,3.0125868055555554,17.855555555555554,1607,9000
9,100,7.0545486111111115,3.8,342,9000
9,100,2.4329813368055557,36.22222222222222,3260,9000
10,100,7.415610243055555,3.6666666666666665,330,9000
10,100,3.948650173611111,6.322222222222222,569,9000
11,100,7.336019965277778,3.6111111111111107,325,9000
11,100,3.7026419270833335,16.88888888888889,1520,9000
12,100,6.784476128472222,4.0,360,9000
12,100,2.521185763888889,32.74444444444444,2947,9000
13,100,7.783557291666667,3.944444444444444,355,9000
13,100,5.384045138888889,15.877777777777776,1429,9000
14,100,7.213573350694444,3.4444444444444446,310,9000
14,100,3.4396473524305557,15.477777777777776,1393,9000
15,100,7.622064236111111,3.5444444444444443,319,9000
15,100,4.5873910590277776,15.2,1368,9000
16,100,7.657454861111111,3.5888888888888886,323,9000
16,100,4.6875690104166665,9.61111111111111,865,9000
17,100,7.213262152777777,3.644444444444445,328,9000
17,100,2.9857094184027777,24.8,2232,9000
18,100,7.0303828125,4.1000000000000005,369,9000
18,100,2.8348676215277777,27.6,2484,9000
19,100,7.459160590277778,3.266666666666666,294,9000
19,100,3.8436896701388887,11.88888888888889,1070,9000
global,100,8.388485243055555,3.2222222222222223,290,9000
